# This .tsv file is a mechanism for resetting initial parameter values
# by changing the values here and rerunning the job with !CONTINUE 2.
# You may not change values in the first 3 fields
#                    or RP fields where RP_GN is negative.

# Fields are:
# GN, Term, Type, PSpace, Initial_value, RP_GN, RP_scale.

   3, "leg(DayOfImaging,0).Exp", G, P,   0.31292852E-01,    3,    1
   9, "Variance 1", V, F,    1.0000000    ,    9,    1
  10, "id(2142).idh(DayOfImaging);idh(DayOfImaging)_1", G, P,   0.16000000E-02,   10,    1
  11, "id(2142).idh(DayOfImaging);idh(DayOfImaging)_2", G, P,   0.15200000E-02,   11,    1
  12, "id(2142).idh(DayOfImaging);idh(DayOfImaging)_3", G, P,   0.20600000E-02,   12,    1
  13, "id(2142).idh(DayOfImaging);idh(DayOfImaging)_4", G, P,   0.30000000E-02,   13,    1
  14, "id(2142).idh(DayOfImaging);idh(DayOfImaging)_5", G, P,   0.45900000E-02,   14,    1
  15, "id(2142).idh(DayOfImaging);idh(DayOfImaging)_6", G, P,   0.71200000E-02,   15,    1
  16, "id(2142).idh(DayOfImaging);idh(DayOfImaging)_7", G, P,   0.11300000E-01,   16,    1
  17, "id(2142).idh(DayOfImaging);idh(DayOfImaging)_8", G, P,   0.18200000E-01,   17,    1
  18, "id(2142).idh(DayOfImaging);idh(DayOfImaging)_9", G, P,   0.28600000E-01,   18,    1
  19, "id(2142).idh(DayOfImaging);idh(DayOfImaging)_10", G, P,   0.41100000E-01,   19,    1
  20, "id(2142).idh(DayOfImaging);idh(DayOfImaging)_11", G, P,   0.60900000E-01,   20,    1
  21, "id(2142).idh(DayOfImaging);idh(DayOfImaging)_12", G, P,   0.92600000E-01,   21,    1
  22, "id(2142).idh(DayOfImaging);idh(DayOfImaging)_13", G, P,   0.13300000    ,   22,    1
  23, "id(2142).idh(DayOfImaging);idh(DayOfImaging)_14", G, P,   0.18700000    ,   23,    1
  24, "id(2142).idh(DayOfImaging);idh(DayOfImaging)_15", G, P,   0.26900000    ,   24,    1
  25, "id(2142).idh(DayOfImaging);idh(DayOfImaging)_16", G, P,   0.34980500    ,   25,    1
  26, "id(2142).idh(DayOfImaging);idh(DayOfImaging)_17", G, P,   0.50375700    ,   26,    1
  27, "id(2142).idh(DayOfImaging);idh(DayOfImaging)_18", G, P,   0.74022400    ,   27,    1
  28, "id(2142).idh(DayOfImaging);idh(DayOfImaging)_19", G, P,    1.0649400    ,   28,    1
  29, "id(2142).idh(DayOfImaging);idh(DayOfImaging)_20", G, P,    1.5227600    ,   29,    1
  30, "us(leg(DayOfImaging,0)).grm(NID);us(leg(DayOfImaging,0))_1", G, P,   0.25449600    ,   30,    1

# Valid values for Pspace are F, P, U and maybe Z.

# RP_GN and RP_scale define simple parameter relationships;
# RP_GN links related parameters by the first GN number;
# RP_scale must be 1.0 for the first parameter in the set and
# otherwise specifies the size relative to the first parameter.
# Multivalue RP_scale parameters may not be altered here.

# Notice that this file is overwritten if not being read.
