# This .tsv file is a mechanism for resetting initial parameter values
# by changing the values here and rerunning the job with !CONTINUE 2.
# You may not change values in the first 3 fields
#                    or RP fields where RP_GN is negative.

# Fields are:
# GN, Term, Type, PSpace, Initial_value, RP_GN, RP_scale.

   9, "Variance 1", V, F,    1.0000000    ,    9,    1
  10, "id(2142).idh(DayOfImaging);idh(DayOfImaging)_1", G, P,   0.80200000E-03,   10,    1
  11, "id(2142).idh(DayOfImaging);idh(DayOfImaging)_2", G, P,   0.11800000E-02,   11,    1
  12, "id(2142).idh(DayOfImaging);idh(DayOfImaging)_3", G, P,   0.18500000E-02,   12,    1
  13, "id(2142).idh(DayOfImaging);idh(DayOfImaging)_4", G, P,   0.28400000E-02,   13,    1
  14, "id(2142).idh(DayOfImaging);idh(DayOfImaging)_5", G, P,   0.44400000E-02,   14,    1
  15, "id(2142).idh(DayOfImaging);idh(DayOfImaging)_6", G, P,   0.66400000E-02,   15,    1
  16, "id(2142).idh(DayOfImaging);idh(DayOfImaging)_7", G, P,   0.99700000E-02,   16,    1
  17, "id(2142).idh(DayOfImaging);idh(DayOfImaging)_8", G, P,   0.14600000E-01,   17,    1
  18, "id(2142).idh(DayOfImaging);idh(DayOfImaging)_9", G, P,   0.20900000E-01,   18,    1
  19, "id(2142).idh(DayOfImaging);idh(DayOfImaging)_10", G, P,   0.31900000E-01,   19,    1
  20, "us(leg(DayOfImaging,1)).Exp;us(leg(DayOfImaging,1))_1", G, P,   0.55420400E-02,   20,    1
  21, "us(leg(DayOfImaging,1)).Exp;us(leg(DayOfImaging,1))_2", G, P,   0.35994500E-02,   21,    1
  22, "us(leg(DayOfImaging,1)).Exp;us(leg(DayOfImaging,1))_3", G, P,   0.24067900E-02,   22,    1
  23, "us(leg(DayOfImaging,2)).grm(NID);us(leg(DayOfImaging,2))_1", G, P,   0.53887900E-01,   23,    1
  24, "us(leg(DayOfImaging,2)).grm(NID);us(leg(DayOfImaging,2))_2", G, P,   0.28074300E-01,   24,    1
  25, "us(leg(DayOfImaging,2)).grm(NID);us(leg(DayOfImaging,2))_3", G, P,   0.14757800E-01,   25,    1
  26, "us(leg(DayOfImaging,2)).grm(NID);us(leg(DayOfImaging,2))_4", G, P,   0.52634400E-02,   26,    1
  27, "us(leg(DayOfImaging,2)).grm(NID);us(leg(DayOfImaging,2))_5", G, P,   0.28000300E-02,   27,    1
  28, "us(leg(DayOfImaging,2)).grm(NID);us(leg(DayOfImaging,2))_6", G, P,   0.54014600E-03,   28,    1

# Valid values for Pspace are F, P, U and maybe Z.

# RP_GN and RP_scale define simple parameter relationships;
# RP_GN links related parameters by the first GN number;
# RP_scale must be 1.0 for the first parameter in the set and
# otherwise specifies the size relative to the first parameter.
# Multivalue RP_scale parameters may not be altered here.

# Notice that this file is overwritten if not being read.
